,black,blue,brown,green,grey,orange,pink,purple,red,turquoise,white,yellow,red_blue_ratio,red_blue_dominance,red_green_ratio,red_green_dominance,red_yellow_ratio,red_yellow_dominance,red_purple_ratio,red_purple_dominance,blue_yellow_ratio,blue_yellow_dominance,blue_orange_ratio,blue_orange_dominance,blue_green_ratio,blue_green_dominance,blue_purple_ratio,blue_purple_dominance,yellow_purple_ratio,yellow_purple_dominance,yellow_green_ratio,yellow_green_dominance,yellow_orange_ratio,yellow_orange_dominance,green_purple_ratio,green_purple_dominance,green_orange_ratio,green_orange_dominance,purple_orange_ratio,purple_orange_dominance,black_white_ratio,black_white_dominance,black_grey_ratio,black_grey_dominance,black_brown_ratio,black_brown_dominance,white_grey_ratio,white_grey_dominance,white_brown_ratio,white_brown_dominance,grey_brown_ratio,grey_brown_dominance,red_orange_ratio,red_orange_dominance,orange_yellow_ratio,orange_yellow_dominance,blue_turquoise_ratio,blue_turquoise_dominance,green_turquoise_ratio,green_turquoise_dominance,purple_pink_ratio,purple_pink_dominance,red_pink_ratio,red_pink_dominance,red_green_complementary,blue_orange_complementary,yellow_purple_complementary,analogous_group_1,analogous_group_2,analogous_group_3,analogous_group_4,analogous_group_5,warm_colors_total,cool_colors_total,neutral_colors_total,warm_cool_balance,warm_cool_ratio,num_dominant_colors,palette_variance,primary_dominance,color_diversity,dominant_is_warm,dominant_is_cool,dominant_is_neutral,color_balance
cluster_0,0.4012066748104152,-0.00011474388287724368,0.4023975291808411,0.002281342403388831,0.020727665830083397,0.1677919057002653,0.005110363877403818,0.0038745582777885237,0.0019652045105903503,-0.0006120237519124727,-0.0009417740210501854,-0.003686702916989958,0.001291570674434762,0.0008279561567491285,0.003410199038190086,0.004787644122491174,0.0031994479403983527,0.002026905090429095,0.004260341898445282,0.0017962221356631449,-0.00018405109162447837,-0.00018495605245007327,-0.00022440906200733957,-0.00018495605245010048,-0.0001840510916244719,-0.00018495605245011964,-9.167037339570796e-05,3.111015075766174e-05,0.0019020832995740099,0.0015460772507210818,0.0035866379195083485,0.004589214579010629,-0.0031318527628959973,-0.00539610248364803,0.0035482960742144907,0.004110355962246638,-0.016013665254638487,-0.011689965096177606,-0.015784164018065393,-0.016479629213172992,0.783227947900959,0.8265548327772064,0.7606961269692085,0.9233237497437985,0.4027923893745757,0.4012068351186367,0.18499931706372924,0.15409079148585708,-0.010803241503200323,-0.0745826541887394,0.1394319227488733,0.07478269721659722,-0.026761316307143814,-0.022527984160987786,0.9262710365597414,0.9388058643838899,-0.0001840510916245133,-0.000184956052450175,0.002909561432690371,0.003164319405631473,0.007613221141466176,0.0053803220381051405,0.0029140153558869235,0.006801765263210437,0.004246546912710985,0.16767716181738826,0.00018785536079842297,0.16607040729480607,0.0031477906429986805,0.0015545747679293683,0.010950126663279085,0.16607040729480607,0.1711807711669849,0.005429133045717879,0.8233900957985273,0.16575163812610846,166.73409044414495,3.5066355680690817,0.17307572699050233,0.5585199455114315,0.6833389230252869,-0.025845162140322658,-0.006501060099614506,1.0323462222399373,0.8270971758492902
cluster_1,0.4847956904177143,-5.654095020543345e-05,0.021061123129878064,0.0008909718384270399,0.48785442585300304,0.0010299510234693414,0.005123193742227119,-0.0010276303867694464,-0.0017767096029912106,-4.915476454923695e-06,0.0008318923999305236,0.0012785479976568546,-0.0002946702260673328,-0.0004309268675791254,-0.00046623213291328863,-0.000765470618992794,-6.021268648407728e-05,-0.00045596230839677125,0.001609765093480826,0.00025752619893432924,6.240517173987817e-05,6.206877454327558e-05,3.5186401353367416e-05,6.20687745432918e-05,6.24051717398788e-05,6.206877454328902e-05,-4.694621314489467e-05,-0.00016955306590359342,-0.001024797276551523,-0.00030915018739155454,-0.0009760878677297316,-0.0007174642757324584,-0.001538278658079309,-0.0010574990189675209,-0.002104381942847151,-0.002573079823699359,0.0020603411021456646,0.0016848533155300054,-0.00026719957946492063,0.0011924036454892023,1.0068969189685324,1.014314596899601,0.5410099597884768,0.5406847720755255,0.946539223246869,1.0193968995258984,-0.004138596687578182,0.006488303513508738,0.03006517017911618,-0.008627865686250872,0.9445189412759143,1.0327471808728697,-0.00158706474111572,-0.0012302111594052903,-0.008998016426776324,-0.009520377232919418,6.240517173988992e-05,6.206877454334281e-05,-0.00023607773394928103,-0.0003982615325040633,0.001807159666948359,0.0046263419177493435,0.0026594936714509783,0.0045667135267332655,-0.000885737764781403,0.0009734100732639492,0.0002509176108873715,0.0005317894197362482,-0.0010890868134298477,0.0008295154109872614,0.002318853750992974,0.0005317894197362482,0.00565498315953757,-0.00019811497578229583,0.9945431318171913,0.005853098133233699,13.123001066799464,2.2337969441133523,0.1933609238637869,0.5680427120523801,0.6469599498052485,-0.009666891370710317,0.0029187381810423262,1.006748153189668,0.8068322438943487
cluster_2,0.07948248459900523,-0.0002148512423798503,0.05937378437283177,-0.005099356722083509,0.05141947867561129,0.06506193381957573,0.03317001140818015,0.20312398316980607,0.3299744720060743,-5.859767530788248e-05,0.19305496708111897,-0.009288309525621095,0.9376336346788794,0.944821743610729,0.9140907601274705,0.9089101650653384,0.9243901839254205,0.938133130687624,0.8600144138702782,0.8845463148976882,9.670721303687473e-05,0.00010034735667849275,-4.55158080022434e-05,0.0001003473566785518,9.670721303685062e-05,0.00010034735667856664,0.0001433715484109319,0.0002903409153143998,0.04959941446621352,0.04784038134247343,0.055973631794597196,0.052929940213043716,0.061867012553231786,0.06476279510467498,0.005849867621985219,0.012121362776423401,0.004610743239405839,0.0010127654517759414,0.876503996385331,0.8959505939025613,0.39084567697725503,0.4189806948183796,0.4178041156841708,0.39007550305428185,0.5147356910839249,0.5303073931066269,0.5100778760143645,0.4919361420874368,0.6508710871314409,0.6840815323700188,0.41978219340338,0.39340322107054815,0.840482456997321,0.8585044754400584,0.2386661528227113,0.24021328289319407,9.670721303688401e-05,0.00010034735667859137,0.014477672013305489,0.012221218257659082,0.8469926750763849,0.8837659698583095,0.8781303005291784,0.8883644081835539,0.324875115287575,0.06484708257719592,0.1938356736441846,0.3857480962940978,0.20285053425211838,-0.005372805633752182,0.5662684665720723,0.3857480962940978,0.4189181076985352,0.19775117753605378,0.3833307147521646,0.22116693020971687,237.33028493714872,4.3093016381282725,0.1473825510801566,0.47071963980857723,0.6778563052972699,0.5038040528742582,0.15047227721131107,0.3457236699144302,0.8527646842188942
cluster_3,0.18857104086228632,-0.0013071818936284134,0.186663001660242,0.026732316355598293,0.2300656771719368,-0.003544569735684275,0.05543796012976719,-0.03090818754700389,-0.03569715036363999,-0.0005346547482873457,0.20011380245324767,0.18440794569064559,0.04137971698415783,0.04355014077286608,0.02650340636804267,0.018436551952781283,0.009973205699710096,0.021414371366343915,0.029809049777363688,0.023462487474960082,0.0015289400017009368,0.001546865268842908,0.0015567748900293923,0.001546865268842967,0.0015289400017009687,0.001546865268842922,-0.0019515033992160348,-0.003521714212355846,0.9827460411955087,0.995422427274976,0.9209157482034186,0.9076874964183976,0.9563652230877661,0.9693407836033886,-0.027316611812635325,-0.02885191090630262,-0.0017557579236947135,-0.0041719993662081775,0.032839610967834776,0.03478862907569741,0.5142297671648434,0.481003093438499,0.4703924532291831,0.48020244436656195,0.42524202803092814,0.40412652093765766,0.35074250225565207,0.38171815033227063,0.42261483754938833,0.42260091358101737,0.56752046587261,0.5699179658007063,0.04333698653385696,0.04634371119136285,0.07079806385302327,0.07037240729669275,0.0015289400017009062,0.0015468652688429264,-0.028392194561014838,-0.02873342967195889,0.04002131926729903,0.03733525417723271,0.03426077124139817,0.02978112195070973,-0.00896483400835135,-0.004851751629312781,0.15349975814364122,0.14516622559043194,-0.03275002418891991,0.02489047971050264,-0.01116737778000791,0.14516622559043194,0.20060418570051108,-0.006017707836501795,0.8054135221372974,0.2066218935544628,190.64915765566508,3.6880978794425827,0.16717228130582173,0.5331321161735041,0.6783252699613692,0.05450084883706897,0.0035470260902503046,0.9419521250726816,0.8329947238789461
cluster_4,0.16055106733021227,-6.062025294191822e-05,0.05492818107591972,0.0004983959436310179,0.39687652698392983,-0.0020252454892629303,0.009141457221248579,-0.001880892502684567,-0.00048383592386972097,0.0006020391275723244,0.37950787289486715,0.002345053581120296,-0.0012945090033267203,-0.0012922355686017931,-0.0002605166504570233,-0.00048800960756187377,-0.000954520556280274,-0.0016113854958727588,-0.00018196752288030684,-0.000601327481211462,0.00016216728422138054,0.00016352318564757148,0.00017797533940069652,0.0001635231856475721,0.0001621672842213813,0.00016352318564757937,-0.00012056715133132109,-0.0003050482933682631,-0.002211245237906825,-0.0021910351952342554,-4.228363665398465e-05,0.0011954429867949117,-0.002189189366237648,-0.0019583110326689937,-0.0008074703731527848,-0.0010890424415119341,0.0012322515104492033,0.0019735469588149667,0.0025600877345130536,0.002335057512020932,0.2947628957073059,0.2659960149927546,0.25844821452724104,0.16616830957795295,0.5710709772360576,0.5699294038529502,0.5356981049129173,0.4841087681075392,0.9292793640103462,0.9467701886126296,0.9033021391720695,0.9656074754272447,0.002688325479792839,0.0022641006944456874,0.007713780235965733,0.006928399561111379,0.00016216728422139678,0.00016352318564759961,-0.0010812135491250286,-0.0011603526215259803,0.0022121331271780596,0.0035310609743540505,0.0006315861321066414,0.000950302717668529,1.4560020186801188e-05,-0.002085865742204723,0.0004641610784357618,-0.00016402783238626947,-0.0013394736280541305,0.0010398148182756816,0.006776728794623422,-0.0001640278323862744,0.008977429389244042,-0.0008410776844088896,0.9918636482945107,0.009818507071851947,15.10275685177723,3.228428773576895,0.1607831098771136,0.4626878927900875,0.6483298654358686,0.0001798015274930369,0.0021270649502045684,0.9976931335223024,0.8393775125934653
cluster_5,0.20429789416063185,0.0002478936713934549,0.13764713862650638,-0.019144875290350468,0.22920970763298432,0.022883406833816587,0.0023237237240455316,0.009473923033953183,0.1781385921416181,0.001162071559523371,0.2512844179604789,-0.01752389406955908,1.0028617390087706,1.0147074659805237,0.9725925753408201,0.9726788608376936,0.9886546243910108,1.0037606155364986,0.9726104646264614,0.9826762256280829,-0.00025342363041872435,-0.00024961917492428683,-0.00027096689695083184,-0.00024961917492425224,-0.00025342363041870613,-0.0002496191749242878,0.0005946874872930424,0.0016867421232962343,0.012686053873295898,0.00912875370147983,0.00491801798770084,-0.0003598806925811059,0.01834109788198315,0.017914650969130967,0.017484209024269098,0.019622268967232348,0.0010711958420393912,-0.003756293748421246,-0.017829676959979453,-0.017011815489587207,0.44888938662655226,0.43415614951008796,0.4581890201764923,0.570919642644602,0.4764347249910482,0.47575475194254624,0.4509681515011246,0.4846967035950701,0.5128210315134366,0.5205765554704073,0.6405773818280656,0.6255685251790488,0.853933049637714,0.8758664413940366,0.31609926237536107,0.3222406934084675,-0.0002534236304187432,-0.00024961917492428965,0.014365414775418394,0.01100606346232651,-0.015657571893101074,-0.013991401829785772,0.9120475542143379,0.9136852908450167,0.1589937168575242,0.02313130050520997,-0.008049971035605863,0.1834981049064322,0.010883888264870018,-0.017734910050601377,0.18993623888444158,0.18349810490643223,0.18582182862244345,-0.008260987016648097,0.8224391583844405,0.19408281564576946,147.793206509209,3.635166471890408,0.16828825987954144,0.5371407552118435,0.6792358461030732,0.05971512267567907,0.01686845833510554,0.9234164189892153,0.8318798601671494
cluster_6,0.037834982820911696,0.4324166564255176,0.07760963450457797,0.0013992578119194508,0.043255392855707515,0.011925989681104261,0.0038721887641274487,0.37312932138154215,0.025766002610325363,0.0007044919453837678,-0.0018656331070737895,-0.006048285695673791,0.05694082133999332,0.14675934006990735,0.14811956522076375,0.14950092647937346,0.1465307474039257,0.14675048525481083,-0.0013932768342272727,-0.04430945723397276,0.9983255646958302,1.001693355890534,0.9893002256487127,1.0016933558905339,0.9983255646958303,1.0016933558905339,0.570704388487623,0.42047054573327136,0.0030892935066879085,0.0031632390888079206,0.002043235644345969,0.0019698198036927294,0.002996985889203955,0.0028128981524688313,0.0019522814331937631,0.0017149542021166273,0.001984007296802008,0.0016443464270686139,0.6484682218513366,0.5673027478349707,0.19209072467400243,0.18911263850832807,0.1646199649445555,0.1573185829401282,0.17294347021642312,0.1684158564411645,0.2149813143330785,0.1520890676386926,0.20273974030014466,0.16434765612360636,0.28231803461291166,0.17115816167801196,0.15372758859037475,0.1534054547870135,0.16218011794448733,0.16825456681558826,0.9983255646958302,1.001693355890534,0.0013186756417400889,0.0015210794766232216,0.7590324346046792,0.7732926469507837,0.1511690200468037,0.1523186103832898,0.027165260421900386,0.44434264610662255,0.36708103568587036,0.03164370659591865,0.8062504697524462,0.43452040618256343,0.40276751275643063,0.03164370659591865,0.03551589536052824,0.8076497275641065,0.15683437707599285,-0.7721338322042383,-5.994028712002818,2.5933836910952417,0.19586750845736262,0.6508759471039998,0.6954166195809811,-0.00098748952696495,0.9948372726176262,0.006150216909336882,0.8043281631555529
cluster_7,0.016665232022161185,-0.0030331468635884256,0.05390649674862877,0.02180223566821884,0.09823446519780778,-0.019969072422232302,0.056650599272333305,0.7761163649995532,-0.05435137912879016,0.0018036597758015614,-0.03793684170029873,0.0901113864587171,0.02306366087453096,0.025594005110513702,0.01684637394077874,0.01612778372959056,0.02527104833245611,0.030778226443950264,0.007277052748587916,-0.01401503152987132,0.0041274788086021075,0.00418661236496436,0.004424824651772621,0.004186612364964256,0.004127478808602129,0.004186612364964291,-0.005228409462344531,-0.006471561483157141,-0.053647180515041686,-0.04652555800821409,-0.03228848754517662,-0.027582205736866025,-0.0529134062125161,-0.04817328701243037,-0.02779271353880109,-0.03004408978852897,-0.0029135291908195804,0.0022539986198141784,1.0888830456144705,1.1291341674457427,0.1045755968808128,0.12694362565271317,0.10244081080345054,0.2129281243054213,0.015960152117701378,0.007450324906972481,0.1636623434802181,0.23977489904345622,0.2454810521353248,0.23289865793620723,0.5366011578735301,0.582329639544015,0.0014379389452045966,0.011561784820116792,0.33335169708517565,0.33477348007496066,0.004127478808602137,0.004186612364963918,-0.009646349253868394,-0.008637135769354808,1.0225660517447652,1.1013368887957586,0.011110263246791404,0.010226657639750716,-0.032549143455535584,-0.023002219285820674,0.8662277514582711,0.015790934905273373,0.7748868779117661,0.020572748579878616,0.778415585161477,0.015790934905273436,0.07244153418169999,0.7966891135794342,0.13086935221537785,-0.7242475793981823,-10.853046898444392,1.8729247363940627,0.2510043764845202,0.8725324461977951,0.7142608257255687,-0.11234731563931774,1.211706582806102,-0.09935926716678457,0.7492463771532448
cluster_8,0.19901490376324013,0.0001347161419908832,0.16498484884546674,-0.0018846119199802753,0.6236117256771343,-0.0032841307667469772,0.028528088791370802,-0.00029576672432473326,-6.94255913124978e-06,0.00018416303368927583,-0.010356885111389349,-0.0006301091683650175,0.0006557608059709486,0.0005630167501017059,0.0008676453049573484,0.0011623594966846526,0.0009287722329694275,0.000883725423521945,0.0006839707793199817,0.00048061934398163566,-6.119843843966267e-05,-6.278309161921903e-05,-6.035396657544992e-05,-6.278309161921918e-05,-6.119843843966437e-05,-6.27830916192235e-05,0.0001844724815740101,0.0002369305979620523,0.0012497661275513176,0.0013143669403791213,0.000523977005248418,0.0005010977109732903,0.0015278537317521305,0.001642657950724855,0.0010526153744979845,0.0009846140236835041,0.002018487883887001,0.0018514194303488145,0.0016627048488697643,0.0021952357673394656,0.8484962839529707,0.918041148173354,0.24901997144190258,-0.0087376228516921,0.7367834945857729,0.7739730273542305,0.019864536416726242,-0.02391866960018263,0.07319392849931872,0.006733836848623706,0.7997790404626337,0.8634895387374245,0.0019401609789591434,0.003981857555333397,0.032861406560553676,0.03301605831862146,-6.119843843965695e-05,-6.278309161925443e-05,0.0014443692111893646,0.0014074690658567178,-0.0012622390868778203,-0.0016311881690924432,-0.0023216493582356415,-0.0031504069450385475,-0.001891554479553132,-0.0031494146247562295,-0.000925875892689671,-0.003921182493961682,2.3112451355494397e-05,-0.001565732744589594,0.028225379509494723,-0.0039211824939616715,0.024606906296433265,-0.0018614994689142616,0.9772545931723248,0.026468405766039663,23.38187902914047,3.1091086212282963,0.1849892326227009,0.6017219788819952,0.6879093782988943,0.010654654099049124,0.0019924381940783177,0.9873529077068727,0.815195571815427
cluster_9,0.18315890607554983,-0.0007117024469484913,0.10948148595502641,0.18223326360954706,0.20502124018834184,0.04181568728128314,0.06043133055765729,-0.015320017063599593,-0.01526511942561716,-0.00020762227545291696,0.22911959121321862,0.020242956391251208,0.01251107228537547,0.012989299557684469,-0.02334415862314343,-0.03570871702238457,0.010672143525676036,0.016666730657955108,0.011960556242785775,0.018943519810192308,0.0007290261000559503,0.0007395157350327217,0.0007574418965864115,0.0007395157350327065,0.0007290261000558675,0.0007395157350326988,-0.001103757153481661,-0.0016187897451267546,0.010036782432988434,0.010524192895944886,-0.04451388992903976,-0.0653689244055912,0.013321154360044172,0.014655572794798089,0.9724100247822133,0.9888360460766686,0.8561787312396809,0.8881882189313685,0.019618850083626328,0.01577668923723779,0.36467072875811407,0.33866345598030523,0.3557013049199417,0.3741393377009733,0.40926475544256735,0.39775505441469794,0.4454331357077678,0.43937459406263907,0.5019260175999716,0.5469965570067488,0.6147811030326938,0.5950500932631455,-0.003337133860369966,-0.007034058243316934,0.23279239024909487,0.23243485774044048,0.0007290261000558333,0.0007395157350327502,0.9771418382667785,0.984453474772633,0.019526335753223364,0.01236937911797717,0.006340253588826356,0.013561563547012432,0.16696814418928443,0.041103984834334716,0.004922939327651375,0.04679352424594629,-0.01623934178600102,0.18131393889931313,0.029846194051091735,0.046793524245946266,0.10722485479254301,0.16599392183571368,0.726781223384051,-0.05876906701836132,-13.384089343992018,3.6457224861109614,0.1609201630637811,0.4939788055447568,0.6628887069162099,0.02856852675843071,0.03459597154321386,0.9368355016983547,0.8392405963266267
cluster_10,0.003461340594810882,7.124241337185569e-05,0.0956186606358945,0.0014660708038098458,0.7281656595027656,0.004164614398559288,0.008970309836813017,0.0014243141798684269,-0.0026773188507315804,-0.0002466613867176619,0.1616550016000444,-0.0020732337373538284,0.001018584302317284,0.0010929892728445453,0.0011836573717309126,0.002302624021380692,0.0009693954543110184,0.00034659357287678076,0.0023825187924930687,0.0014341922409420293,-0.00015499853300558124,-0.0001566405619299225,-0.00013734836008546115,-0.00015664056192992066,-0.00015499853300558124,-0.00015664056192991912,6.0156060325609726e-05,0.00010074695570584718,0.0010565429433884738,0.0015024468091595603,0.0013796953568809447,0.0015674016501833262,0.0007772186657417095,0.0005721202267524423,0.0009978197102767693,0.0008657777321946728,-0.00011473987263369397,-0.001321320674156171,0.0008964057961839051,0.0006649418426177258,0.06821019562880008,0.04421434467249739,-0.08271264151346773,-0.1165086175079556,0.08390277311702397,0.013083429786176342,0.06621316022487037,-0.0855944984546698,0.5615278120451901,0.5998401082513158,0.9518459812837049,0.9971806701415304,0.0004705724546449833,-0.000993995231190174,-0.0077613498207582485,-0.007294984405406558,-0.00015499853300558958,-0.00015664056192988635,0.00021253171583139136,0.0003235043167373609,-0.0007868491836406558,-0.0006594695937461366,0.0020707189689399895,0.0019369969618263214,-0.0012112480468878673,0.00423585681193121,-0.0006489195574854026,-0.0005859381891846563,0.0012488952065226185,0.0012906518305444258,0.0077173051646484015,-0.0005859381891846514,0.008384371648136544,0.0027149660104128213,0.988900662340147,0.005669405638628959,12.159714991450087,1.6900118134572522,0.24648309345994165,0.8376244346999847,0.706895736073256,-0.011745603064321299,-0.004523589869003882,1.016269192933325,0.7537631434470231
cluster_11,0.3949389939507197,-3.613206578050436e-05,0.40028239943256727,-9.490555616347981e-05,-0.09361681505284236,-0.002276341906657733,0.0024152287711430966,-0.0011629939654318473,-0.0019037702113361662,-9.253269483847674e-05,0.30101233869949784,0.0005345306022664682,-0.00041336342000810884,-0.00023415198549653368,0.001919981292928018,0.002682468402289725,0.000190632767404304,0.0003616821849560656,0.0007017396021366893,0.0016182466354105693,2.9192014324736327e-05,3.012232254633978e-05,4.754077553724971e-05,3.0122322546332824e-05,2.9192014324739265e-05,3.0122322546332824e-05,-8.004625185162403e-05,-0.00010290448205913996,-7.665665595313086e-05,-0.0006698714123672082,0.0010826607371511156,0.0016391956372937757,-0.0003526155603110921,-0.0007278337595722265,0.0004613771889987449,0.0005805626191860288,0.002265065703058912,0.001960418578693732,0.0035450790897722565,0.0024856616129231885,0.7127489078204483,0.7387927935717484,0.8154468217569865,0.8765873939634061,0.5545133558025749,0.549678498581446,0.7252389752016295,0.8685752042680625,0.30759213438581723,0.20948013565307572,0.1077800381804338,-0.0007430952099505097,0.007094230548706299,0.0048213165400145174,0.014076103156151518,0.014805814196356296,2.919201432474607e-05,3.0122322546327877e-05,-0.00028301805164188365,-0.00029466691447938237,0.0006210558802888436,-0.0013802196779986243,-0.0011862978209120413,-0.003672097167053858,-0.0019986757670978684,-0.0023124739724383497,-0.0006284633631653245,-0.0036455815166700355,-0.0012916587260507844,-0.00022357031625640033,-0.0006515354031941091,-0.0036455815166700355,-0.0012303527430448916,-0.001386564281688185,1.0026169170261634,0.00015621153829218357,2.666246339682753,3.245858080415608,0.17356766317779793,0.5442558170440976,0.6747346647784951,0.0129742716799861,0.0026843846729735807,0.9843413436470403,0.826605731078914
cluster_12,0.659737370316057,7.377136568304151e-05,0.0775657922282806,0.00019578987715585994,0.261802164710728,0.0026682901782123683,0.011996219698219035,0.0015623674407072533,-0.0015868486382589308,0.0008008457887621142,-0.013431072976672743,-0.0013846899821374414,0.00033364421459905046,0.00035386455970325755,0.0010619114957367488,0.001616571996821809,0.0007451750519030852,0.0008174582508618822,0.002004320511895588,0.0023226595131858796,-7.874179294972887e-05,-7.996355561455193e-05,-0.00011767115277236409,-7.996355561455285e-05,-7.874179294972655e-05,-7.996355561456089e-05,0.00017464306831239823,0.0003728901213843634,0.0015735637458251118,0.0015534447019426583,0.0010289525849405507,0.00032478857492441966,0.000967840918309959,0.0009422475763859053,0.0005275736084425517,0.0003266905679273767,0.002573785606612458,0.001885933756190266,-0.00046531907777622763,-0.0002555144041710507,1.0773521871275924,1.1365991533122428,0.8419891099018775,1.0368156463178646,0.9705520033701829,1.0551775544796937,0.05995419344059961,0.03451470999794919,0.13970311368256363,0.12469006798140715,0.6956556740462686,0.681369670774094,-0.0008234871502406186,-0.0005959716488351971,0.05458406194931363,0.05665184666986813,-7.874179294974448e-05,-7.996355561454436e-05,0.0009967970884138188,0.0010696670733769055,0.0006389214900916149,0.00013302197250030512,0.0004779829991068441,0.0007553503166999,-0.0013910587617304113,0.0027420615438954075,0.0001776774585697375,-0.0003032484411479744,0.0024369845951523568,0.0010704070313742597,0.011971738500244519,-0.0003032484411479744,0.011692971255634454,0.002632774472081429,0.9856742542750326,0.009060196784418516,14.444310791286885,1.9809614055988765,0.22825098734701416,0.7586383652432435,0.6971059596370037,-0.015040042104955065,-0.0047841297537454626,1.0198241718587007,0.7719770356287782
cluster_13,0.4348111045314219,0.00011458732201628022,0.21429109223710838,-0.0008122533901603486,0.3186134552318309,-0.002751162471233491,0.01705166874858207,-0.0009619965655002512,-0.0010120997013533372,0.001310940098319364,0.018976195892096773,0.0003684680680084884,0.0001575891244554224,-0.00016959713181121598,0.00021323768598073545,-0.0004312386060681259,0.0004427842804616548,0.00019214788737621002,0.0008849655413689901,0.0004366361341646408,-1.1359964489417037e-05,-1.3007632135705173e-05,-1.6458581661688203e-05,-1.3007632135703782e-05,-1.1359964489418428e-05,-1.300763213570069e-05,0.0001611016057398855,0.00011405816302524276,0.0004686827012058528,0.0006558083029765854,0.00011519484552010568,0.00023038415056816718,0.0005384658369753755,0.0006515538533489715,-0.00034318456163745054,-0.0006434043799954753,0.0031558610511535456,0.003741527398811252,0.002637992725342197,0.003678055697000351,0.9491068012898696,1.0062728638994043,0.6279377408335023,0.616091826513328,0.8004064532261507,0.8245255183037852,0.13464680396982565,0.05142162228049397,0.21265751792863416,0.15806564329006617,0.6305167671557378,0.652186673345007,0.002662649559012585,0.004900765037993154,0.0250080339384136,0.024997950651836288,-1.1359964489415955e-05,-1.300763213567843e-05,0.0004364258284247239,0.0003815138656661611,0.0005904159815637184,0.0011418538270756722,0.0005505955829008903,0.0011815744014222116,-0.0018243530917605249,-0.002636575149217092,-0.000593528497491776,-0.003394794103766213,0.00046353085483537087,0.0006132740296739558,0.015077572481579546,-0.003394794103766223,0.013656874643752748,-0.0003487225358263463,0.9866918478938166,0.014005597178933706,15.827382051792114,3.384255409474147,0.15303307428031734,0.4322797793769811,0.646658286901916,0.0012874438551013577,0.00155451735527603,0.9971580387896226,0.8471198058893727
cluster_14,0.06230292351032813,0.000131264090766345,0.0420087973301284,-0.0026306593527012584,0.19148799656896479,0.04407448926153987,0.49737924285435536,0.026949633042325272,0.0034302210611608167,-0.0006476156826366861,0.1460175402591704,-0.010503832955166784,0.006236121591305954,0.006082136378568465,0.011187308553674192,0.013161808711375749,0.007757143894382349,0.006979784906145776,0.006820017792306421,0.012688050781177292,-0.0005613489097251129,-0.0005672924394059454,-0.0005257709119704194,-0.0005672924394058768,-0.0005613489097250616,-0.0005672924394058968,0.00010291440179507669,9.308185621301868e-05,0.0005071088752232624,0.0016237726821569554,0.0020094941016714175,0.002695068570085057,0.000502187538323002,0.0009040194656248003,-0.0009382872522716364,-0.0020897503988730527,0.004681788055531833,0.008046734662873785,0.10899312729953334,0.11097623603281796,0.3131683631270367,0.29590459097435495,0.20494897655827818,0.1666045933449217,0.3647110437185694,0.360643475982362,0.40450890032863557,0.4312990282991372,0.4770068955156935,0.4656055369875564,0.6698415508602651,0.682263048980362,0.002369520919127546,0.0014851953633239965,-0.17635721150963235,-0.1803183348630885,-0.0005613489097250987,-0.0005672924394057769,-0.000261033484794377,0.00015107429573995497,0.024377680046077006,0.01688515081119173,-0.05034274152890292,-0.06424679667642126,0.0007995617075199058,0.044205753352305976,0.01644580008715831,0.03700087736782919,0.02643328145045481,-0.003147010945736144,0.5277590969631852,0.0370008773678292,0.534380120221594,0.0238026220965891,0.44181725766479235,0.5105774981237542,460.4939074813824,3.516817132444755,0.16044842229276948,0.4925999689881478,0.6670072021454443,0.8149796034399324,0.058889577816121384,0.12613081874394655,0.8397118658678715
cluster_15,0.07110603598869077,-0.0001192701571040849,0.18338983831585487,0.009137482609197365,0.0918365094059755,0.5444494061719719,0.016434206391808013,-0.009985964581384552,-0.0044850303886690415,0.0006552683728483176,0.08541400353707662,0.01216751436026723,0.015257504530773253,0.01514515375773473,0.017679813443401114,0.023074890580208826,0.017489071776056908,0.017153012999849494,0.013276735090840158,0.018505982685623736,0.0006642453796496132,0.0006663916625482491,0.0007103134649336177,0.000666391662548334,0.0006642453796496165,0.00066639166254837,-0.0003314353671124756,-0.0012881920434685548,-0.004126774350389848,-0.0006495479202004368,0.0030156043235886653,0.0041987596413117015,-0.013475550817748027,-0.014706366685723478,0.05307775517543299,0.054493221844354595,0.003268332455099144,-0.0043159416598535245,0.01949035033980962,0.017045350625588058,0.3711550228048568,0.41152546182560373,0.3556045293120178,0.3624514624212481,0.23837330654208988,0.1696490491032137,0.373120085063075,0.34103851792795087,0.41839212012980026,0.3943919439401849,0.2415354180529805,0.16492484333902918,-0.05405591632504136,-0.08011368048622744,1.0548541772886888,1.0560622936624608,0.000664245379649733,0.0006663916625483253,0.05718579410104984,0.0599156953936717,0.03129095499009433,0.02000707641208979,0.014028244909833223,0.011984626997579555,0.0046524522198576,0.5443301360148664,0.00218154977888259,0.5521318901427495,-0.009449966365640293,0.009673480821270201,0.001963211427319071,0.5521318901427495,0.568566096541899,-0.0003124837601147113,0.4317463872178568,0.5688785802919586,498.73604863566396,3.167951352423435,0.17909270271849634,0.5608073911609613,0.6693815976842288,0.9991732074254152,0.0350260451909532,-0.03419925261636915,0.8210862111794082
cluster_16,0.07194016442723318,0.0018398819677625123,0.09102094100082012,0.5152869374227076,0.14447266065484332,0.04025133013855065,-0.016026389149488434,0.049454629608728554,0.038486774487848596,0.01027554158358608,0.1000920693769573,-0.04709454145791511,4.595608217694307e-05,-0.0027688658584217878,-0.06332147015361017,-0.10004389385841808,-0.019827174178851947,-0.0027678823276972497,0.0028876125598168187,-0.0001784161625705305,-0.0018305044685312845,-0.0018587492754818435,-0.001881465863560548,-0.0018587492754818188,-0.0018305044685311095,-0.00185874927548178,0.0027366591219432452,0.0038889258437521737,0.05759685358808098,0.05815101101375584,-0.026749505482706038,-0.04663463792262321,0.05551592291091053,0.053632010197798806,0.9936779953114001,1.00333880126493,0.9580543746759171,1.000892416960916,0.013744162662228358,-0.013130146187283915,0.3662428719280865,0.39860180915506727,0.32276646307013185,0.29748647366874387,0.376190949331957,0.35313380928476135,0.4542515330444481,0.4918917350704632,0.448635149928298,0.4125340421622909,0.4570365004398478,0.4610708011395479,0.018186392130891876,0.026501599665712208,0.27171434114369153,0.2796326156405178,-0.0018305044685311342,-0.0018587492754818813,0.9983938011583666,1.0119248989595016,0.05412425565612942,0.06884928261361749,0.013476142340016624,0.01956037086095148,0.5537737119362336,0.042091212106312934,0.002360088150813294,0.031643563170096096,0.06157005316007652,0.5274023609698849,0.07191501495340676,0.03164356317009613,0.015617174016370153,0.5768569905786131,0.40752583539526865,-0.5612398165882418,-41.212736860626435,3.1565288061164165,0.17463919907755973,0.5387489223657566,0.6636723032941043,0.06181752654129922,0.9482836228318875,-0.010101149373185245,0.8255352655470354
cluster_17,0.1393513415484526,-3.9895114087419386e-05,0.05731960774327158,0.050436541256559775,0.10990635985474626,0.02514444108724549,0.08181437299088881,0.4365513542173437,-0.03382094795657863,-0.004188599591942219,0.13050524045627793,0.00702018351617003,0.018812500352603782,0.018612899648881107,0.010252258092597137,0.004746378121823888,0.012608129569122621,0.018825786543755503,-0.013068641229937892,-0.015974074505908466,-0.0010874946549573427,-0.0010941134429225544,-0.0011112839375562768,-0.0010941134429224904,-0.001087494654957289,-0.0010941134429224666,-1.1897521021274244e-05,0.0006866279058573708,-0.01121635065206787,-0.008087857219648794,-0.0017115601268541556,1.2448192052065054e-05,-0.005344882450128185,-0.0022041109787066474,-0.02294289359249007,-0.02263264004993152,0.008294410769813682,0.011340563304816396,0.9394044984137305,0.9615905103548769,0.5073795719538021,0.5285698817619882,0.38882638679273934,0.3312905005025002,0.5706457129567354,0.566759873232771,0.4183807030997955,0.4653901395185128,0.4984812423187916,0.4579530613094783,0.6217341629615023,0.6800466920245025,0.013113336619639157,0.015148932281808365,0.0999060880476108,0.09868412185004091,-0.0010874946549572653,-0.001094113442922578,-0.00588023370929437,-0.005049299042707733,0.8913406877215394,0.9442127368223425,0.006996817125098706,0.0033815868840116293,0.016615593303946866,0.025104545973157914,0.4435715377335139,-0.0016563233585160724,0.43232285951131383,0.046208046546282834,0.4845447792630839,-0.0016563233585160627,0.08015804963644102,0.48275940076362717,0.43708254958429943,-0.40260135111163803,-19.139895429699155,3.7549284680771975,0.14360817943689105,0.4007605231702025,0.6413353213894022,0.14978282153787764,0.7181124707868449,0.13210470767527746,0.8565352852803559
cluster_18,0.06557458941607673,4.479611151253848e-05,0.03141693420325562,0.0010195061951073813,0.26977776788018376,0.0009277877630050735,0.006574789509135268,-0.0011855963658498412,-0.0030624919686528603,4.427744341899265e-05,0.6275532945649644,0.0013143452332820345,-5.448172637066839e-05,0.0005081425181939123,0.0027886055292096613,0.004569422615678861,0.0003223526596413676,-5.822284527216498e-05,0.0020125281355758105,0.0025019647682103193,-5.110711174248479e-05,-5.07793402239563e-05,-4.928052369646252e-05,-5.077934022395939e-05,-5.110711174247737e-05,-5.0779340223964645e-05,8.094746382495365e-05,0.0002503970056458866,-0.0016001401472794472,-0.0021386597453519215,0.0019899077143244836,0.003479591917583767,-0.0022154062306285675,-0.002304052920689452,0.0008931731591120333,0.0010300578213310021,-0.0004078820555710055,-0.0007549805564446081,0.002968572921870943,0.0006893452814246867,-0.024567109394667146,-0.11444496924594755,0.19950623422075198,0.1407358540305866,0.37910302438309507,0.38599568944453977,0.9136250646275446,1.0880298263228252,1.0050528736005326,1.0239601210129727,0.7787932965194625,0.7851524313680973,0.0031154094420396982,-0.0017215670803729921,0.026092314913463525,0.026853537369494373,-5.110711174246763e-05,-5.077934022396542e-05,-0.000873960798653259,-0.000803248631492835,0.0039020162548531953,0.003664646868625101,-0.0008470874986148178,-0.0029880896536278135,-0.0020429857728405695,0.0009725838745174737,0.0001287488674322421,-0.0008203589740263054,-0.0010965228109182437,0.0011085797511313738,0.0023267011757767474,-0.0008203589740263103,0.005754430537062346,-7.70166147183837e-05,0.9943225860760858,0.005831447151513461,13.80224770831455,2.159949704592891,0.22610776546594166,0.758735036287543,0.6988618724935172,-0.008847364027749369,-0.000792458976342789,1.0096398230040924,0.7741181164456097
cluster_19,0.1650866678272965,0.0011927207372126295,0.11164621596061022,-0.018880846366408587,0.25576826023261806,0.031831205463767,0.012587650256498198,0.13777665490178462,0.032604425865351866,0.00016226909849680017,0.30766647886150716,-0.03744170285717835,-0.004272033363439796,-0.006212766250083014,-0.002085285825138308,-0.003386564459230645,-0.008184162758542208,-0.007325487951155213,-0.05260436597954978,-0.038181417781620555,-0.0015466509782021366,-0.0015718044990035301,-0.0018278621775623446,-0.0015718044990034293,-0.0015466509782021713,-0.0015718044990034416,0.0023331352454784666,0.0030468230399241813,0.011945634686826714,0.01089084508582307,0.02274074202043108,0.0221640866478899,0.022353725180168902,0.02401579856319114,0.003924874330368983,0.010158432927074707,0.005649025733490664,0.006503788380722382,0.8597872675035266,0.8747928467088447,0.37081294827976435,0.31256361825389317,0.40349850081016075,0.396719519572065,0.43550754325263263,0.41239210647002983,0.44978062980465267,0.48509587907033713,0.4816459309480013,0.4920981826356683,0.611574006037256,0.6200321773704355,0.008327092201203961,0.0036579168383418354,0.17314545516895258,0.1755651741867804,-0.0015466509782021997,-0.001571804499003289,0.015177546040527396,0.015415861249958966,0.8419656256185633,0.8707742516116743,0.004536002154488281,0.008165157259343678,0.013723579494556036,0.03302392620097979,0.10033495204460552,0.026993928463615532,0.13913164473749406,-0.017525856530512706,0.18296873101615735,0.026993928463615497,0.03958157871887907,0.12025079837127138,0.8401676229171842,-0.08066921959427097,-84.95944429089884,3.1250218383759756,0.18455334977740573,0.5879566180966955,0.6743069115220566,0.02006693767988558,-0.03038931286260563,1.0103223751827202,0.815631019312951
cluster_20,-0.03420978107488735,-0.0021001990538183943,0.11129117795721966,0.05499863179125157,0.03604533325218914,-0.008976811197027154,0.04792706990189614,-0.03631935708347661,0.8170183115155352,-0.002005651459450276,-0.05319670220243359,0.06952797751903776,1.0143360727480988,1.0136609658186537,1.0104324007692504,1.0005554574410733,1.0241038816105437,1.0228517724230086,0.9762214799503712,0.9990540639674041,0.0019115205077488337,0.001943144270805762,0.00198144300171061,0.001943144270805516,0.0019115205077487336,0.0019431442708056053,-0.0030978195180429513,-0.00440873427799947,-0.04226613415020288,-0.042953866938706446,-0.02094220897637473,-0.011250572706495696,-0.04492909137187241,-0.045120150023039596,-0.0331273610936752,-0.03303637537709545,-0.025642788872826183,-0.020784205494300257,0.07994720484695163,0.08760066586902264,0.012154559038615965,0.06001126691365862,0.03148812439213885,-0.03650114953014789,-0.022960453915879062,0.0769298647067763,0.24533319192340183,0.18714500705170672,0.22634427185264802,0.25945686913454913,0.010966627668129688,-0.03150590907959895,1.0058741698041809,1.0439851908431277,0.1179904847722232,0.11960139187366134,0.0019115205077489229,0.0019431442708055821,-0.044048500092907256,-0.0465676006392005,0.08157782103246632,0.10030434434176735,1.019116168927134,1.0589480463338363,0.87201694331395,-0.01107701025084417,0.033208620435561456,0.8775694778457208,-0.040425207596745165,0.05089278128372566,0.8286260243256505,0.8775694778457208,0.9254965477447408,0.014573424200249317,0.05993002803314393,0.9109231235342128,828.9881588020404,1.4094354186895375,0.25782278702161443,0.8846001151725648,0.7097087802906438,1.0131770734719476,-0.06697654630881704,0.053799472836868804,0.7424347781540164
cluster_21,0.2554670172921956,-0.00016452270181034663,-0.01897036085799839,-0.00036339938582786074,0.6059765598953242,-0.0019762749002736712,-0.004517363620230811,-0.0005732473632501277,0.0031845161667672837,-7.565950858075721e-05,0.1605785328396361,0.001434202157790567,-0.002789099346323256,-0.002722300279647816,-0.0022326943884137342,-0.002319460408847464,-0.002419077796016269,-0.002403556752887265,-0.0035770783261882652,-0.0025342418381485233,0.00019721481990057373,0.00020015012475545332,0.00021768946879200933,0.00020015012475544327,0.00019721481990057172,0.00020015012475545457,-0.00027315170918347173,-0.00042317894348520985,-0.0017688128344378275,-0.001997140853091636,-0.001123179006598418,-0.0011578404234607275,-0.0010381959935409201,-0.0007048320642653524,-0.0012122523661210146,-0.00144914118866639,0.0005569194963918565,-0.00044042733366011724,-0.0009158190961386181,-0.0014103385235447413,0.6205082511182897,0.7046387984129744,0.2814968624296688,0.11054822092743828,0.887723620284282,0.9410957045057387,0.1988817326246398,0.0029740623539822645,0.8861248143346909,0.9241616600629633,1.0551138612344924,1.119479727141992,0.0019045761751556975,0.0023758175469131746,-0.005210526073534173,-0.005909558910916796,0.0001972148199005858,0.00020015012475539722,-0.0013644318793854034,-0.0013394298525881002,-0.00015426891757487193,-0.0009532805138190423,-0.000494742273535017,-0.0008749511959669621,0.00282111678077561,-0.002140797602084081,0.0008609547945405423,0.0026424434238008962,-0.000813429573641122,-0.0006035815965838215,-0.0019060948143059908,0.0026424434238008962,-0.0018749201952527204,-0.0011768289598339,1.003051749154488,-0.0006980912362153756,-1.3804577192029959,3.199700853985953,0.18709419399693833,0.6245839738017182,0.6995223977907471,0.016149180836811005,0.0012886775404811852,0.9825621416227078,0.8130927132828785
cluster_22,0.040732760717728834,-7.754177969788057e-05,0.15966893003641,0.002924445234192482,0.26045583277394974,0.17286524215011914,0.014279307717059415,0.002504838939535734,-0.0020946410234010267,-0.00036398102613359923,0.3513494361874506,-0.0022446299260192354,0.003996335500281355,0.003837758585857432,0.006238883910586374,0.007784120885660818,0.005517708213374885,0.003944050223484009,0.007061617466836455,0.004104026200650543,-0.0001683045115313903,-0.00016916119682090064,-0.00020628971310116928,-0.0001691611968209198,-0.00016830451153137946,-0.00016916119682093805,-3.0533937057923064e-05,9.052509999280541e-05,0.0007336372181604958,0.00037459650396914494,0.004671067082711644,0.0069423893398390625,-0.004250663664003272,-0.006170643990250133,0.005548866759887716,0.006150216525933617,-0.01622474214733708,-0.010957930883577466,-0.01200337744961168,-0.013536324367535189,0.13946796412080878,0.08055124805331002,0.21890005027943676,0.16813336029900597,0.26243630076074453,0.2553298842840238,0.514399352178041,0.5254841015465903,0.6763776642722835,0.6828839624163521,0.6299247893738901,0.6753582464955704,-0.0269908902716471,-0.024183086924858904,0.944974061319461,0.9565375753438309,-0.0001683045115314045,-0.0001691611968209934,0.004351404608565863,0.00458929258190702,0.01316775395313397,0.012816715477074546,0.004355210189338682,0.008241421348505133,0.0008298042100901865,0.17278770037042138,0.00026020901351639467,0.1685259712005854,0.002063316133704169,0.0024829224280786457,0.014689505630141266,0.16852597120058543,0.18280527891218587,0.004987761367614407,0.8122069597285413,0.1778175175485455,180.76594971748767,3.6027613171105104,0.16437496016419628,0.5118644628245265,0.6698150534897385,-0.027055709424750093,-0.002933763172550024,1.0299894725973004,0.8357892506058577
cluster_23,0.10329669073324746,-0.0003401876054035182,0.13160043756994586,0.008774551770957659,0.04792119748337418,0.16428949268628062,0.09586735595392781,-0.006837922980582093,0.32994720873910116,-0.0006298525685547561,0.11867188168759683,0.007439146493499563,0.9829757578496833,0.9911321763321194,0.9599111223271569,0.9581769500825777,0.9752593015416026,0.9863847001906436,0.9510318701422024,0.9671403235351528,-0.0001968182917967875,-0.0001906829277746903,-0.00015979564370695998,-0.00019068292777467888,-0.00019681829179678565,-0.00019068292777466557,-0.00038713627788033756,-7.839520945337894e-05,-0.006323077858341888,-0.007669798038580827,-0.005850049394167029,-0.007130613599616264,-0.004795934055622911,-0.004982086530271822,0.025315249781209834,0.02680852563634451,0.0062701784750343395,0.0015468911771263647,0.011613412523624543,0.013221101339188432,0.4528153935472908,0.48683346874734096,0.38826081125496464,0.3774073435840571,0.4373756033509352,0.45455727524545264,0.4736847572005411,0.504215784280841,0.41060893518706515,0.3934429042058706,0.33746171457169494,0.29756800441995557,0.8567149609237067,0.873283658248578,0.3458877409631605,0.3467626999556036,-0.00019681829179671298,-0.00019068292777467608,0.02260543921356593,0.02042160091337423,-0.001276240598476046,-0.00037724961435702973,0.9079282036961461,0.9149442761225254,0.33872176051683606,0.16394930508087682,0.0006012235129175683,0.5016758479211376,-0.007807963154540304,0.007804511602949188,0.41897664170412047,0.5016758479211376,0.5975432038723771,0.0009665886223671163,0.4014902074868768,0.5965766152441853,513.5408614682866,3.8045536799715913,0.1510543832814833,0.45239783807574524,0.660219533187597,0.7918450465813007,0.03841408729323277,0.1697408661254661,0.8490965201275684
cluster_24,0.2529560300354548,-0.00010460076019804512,0.010649601872504499,-0.00013878227406076546,0.7377604103837977,0.0008734332385119775,-0.0017997514165814853,-0.000772610409730762,0.000494362849310509,-9.991558953661521e-05,-6.874661732231974e-05,0.00025056868604300545,-0.0004888788773251834,-0.00025148781925302306,-5.824701878910356e-05,0.0008798043096767382,-0.00021588499648198185,-4.2679388332954256e-05,-0.0002910619265674207,-0.00038095850440637635,6.69217565221632e-05,6.806054613129757e-05,5.798386520287655e-05,6.806054613130437e-05,6.692175652216196e-05,6.806054613129711e-05,-0.0001369135340332175,-0.000169783204333719,-0.00041709052600664883,-0.00020360206043269083,-0.0006323359913149735,-0.0007475612232251216,-0.0004074045382531338,-2.083904019446782e-05,-0.00046557991788138704,-0.0005282021076912722,0.0005774943583645937,-0.0014165239461697216,-0.0005677544315323428,-0.0003841418232676687,0.9218596745766026,0.9753461988572483,0.21717928135048048,-0.05104702539194744,0.9170191302190186,1.0072920094293687,-0.027405985335184242,0.017839284254841006,-0.012321563163231264,-0.0657708851976309,1.0080932660200994,1.100579714811687,-0.0005258175867158116,-0.0013372657444108281,-0.0073896593399893455,-0.007688537151841075,6.692175652218175e-05,6.806054613126048e-05,0.00034898973346753634,0.00040418483346172626,0.0018406621348653364,0.0023103476018022243,2.820866875654867e-06,-0.0005253122580452346,0.00035558057487104154,0.0007688324783135993,-0.0005220417236876647,0.0016183647741855477,-0.0009771267594653307,-0.00034329862414653195,-0.0020779989750388905,0.0016183647741855427,-0.00018138664308733248,-0.0011159090338772367,1.001297295676223,0.0009345223905557833,2.7512272965555433,2.119613600601799,0.23103626902987676,0.7891467104981718,0.71038717506984,0.0012536084988703936,0.004077564242564618,0.9946688272585651,0.7691945364710708
cluster_25,0.29500077539245967,-5.692233071609423e-05,0.11124683299438924,0.001422283314424527,0.35741906582858235,0.17235361277389405,0.017075839759478944,0.005077412580465086,-0.0003590334243529009,0.001054239560475589,0.04227095249084845,-0.0025050589294990655,0.003821980539434699,0.003341386934917821,0.0048367460739289865,0.005386217012799956,0.005252503507562144,0.004006988983795819,0.005244604024251637,0.0025058827966227305,-0.0001878180279270994,-0.0001897257817369789,-0.00025144395048783044,-0.00018972578173699192,-0.0001878180279270929,-0.00018972578173700983,4.082215358892505e-05,0.00014394992533012225,0.001260539334499421,0.0011792094237573038,0.0036204833474204044,0.005057107965534531,-0.0031898529472426367,-0.004692333669292664,0.004617933082494266,0.0050978920741258605,-0.014594009693310777,-0.009420321062254955,0.001125407213780301,0.001332907158791874,0.799021670584079,0.8231935704728652,0.45765988839913574,0.36986881678163075,0.7746273366633607,0.8438318668489354,0.0982936051901714,0.034287730497830474,0.2631357040503223,0.24045986407893782,0.7466606206186421,0.8351563064568109,-0.02874878594002743,-0.02300877778579792,0.9454925616999319,0.9565557751562184,-0.0001878180279271164,-0.00018972578173707445,0.00515181349309309,0.005425919856115762,0.026610869078841887,0.027346290882682995,0.004538962273368749,0.009747760041417301,0.001063249888652779,0.17229669044317802,0.002572353650965896,0.16948952042094848,0.006074729810224484,0.0024196005430633326,0.021794218912614866,0.1694895204209485,0.18656536017295489,0.00749701312352839,0.8059376267132959,0.1790683470538495,179.39838956305144,3.981880147435852,0.14233129022903457,0.4162848804269588,0.6568235647230506,-0.016401062786924367,0.000885559951040366,1.0155155028358844,0.8578108988744776
cluster_26,-0.009656864368318765,0.00010473862994068596,0.5088677367917936,-0.0003365160826820219,0.3713980921713948,0.0008479088141640424,-0.000591080036806222,0.001786003493713807,0.0043113262087083855,5.704133972687618e-05,0.1230655640017997,0.00014604903032670055,-0.004204281519971905,-0.004447912465092625,-0.002611398710706338,-0.0013120913131250288,-0.0033692611199899695,-0.004129000969455659,-0.002492786264448137,-0.003538287468136874,-3.777400881314212e-05,-3.872993882738824e-05,1.1362970730532052e-05,-3.872993882739999e-05,-3.777400881314861e-05,-3.8729938827396745e-05,3.578705453237593e-05,-2.4640332209244324e-05,-0.0013779001335674703,-0.001183030290484287,-0.0007649013033779919,-6.075450978154914e-05,-0.001900114600640606,-0.002655510622553862,-0.0004688077150363742,-0.00038243039967182885,-0.0016562898837809653,-0.0025324437247229046,-0.0020466992390974015,-0.0021202055704335272,0.23458188711028705,0.23992450923900144,0.16475080554474034,0.11555987683624425,-0.17943513316905255,-0.31178071453016026,0.2689706861205002,0.24847145878117424,0.042237488229163164,-0.047200990650417156,0.20486992449261032,0.131401027447269,0.0025601089321174936,0.0012369585562790064,0.0033724264013572157,0.004094352570450492,-3.777400881314908e-05,-3.872993882737897e-05,-0.0018833371044087144,-0.001767309165520584,-0.006239597623192292,-0.007575070488929369,-0.002266686341154589,-0.0034435485689628276,0.003974810126253932,0.000952647444104743,0.001932052524040577,0.0053052840531762025,0.0019477834633813856,-0.00017473611255318622,0.005506249666180649,0.0053052840531762025,0.004714204018778722,0.0016112673811606879,0.9936745286001825,0.003102936638361225,8.892376928672029,2.5058849766858273,0.21164146885291477,0.7028314752079744,0.6943574936796736,-0.006334116529005576,-0.001355557452909083,1.0076896739819143,0.7885699612221982
cluster_27,0.2673169701032207,-0.0016281118767469552,0.13041109389703603,0.26579250376389046,0.1995191896353663,-0.014279819440457546,0.03738233265623171,-0.03334477986559308,-0.04360124634474777,-0.0014638103003799267,0.045112866240435444,0.14878281163318424,0.029739487274424284,0.0315100820899199,-0.026068493251052958,-0.050307679102199826,0.0003940124335548238,0.01805094310643647,0.0193187971800507,0.020576776623480002,0.0018032065595665137,0.001825747457534987,0.0018590948632681444,0.0018257474575350176,0.001803206559566489,0.0018257474575349899,-0.002489777574070327,-0.004236426848146887,0.7591335643379048,0.7692401541544789,0.6466811995080962,0.613088708331098,0.743779106476165,0.7550259577422589,1.0158592205301078,1.0310173720499392,0.930355367255505,0.9622980409113358,0.03325488889607707,0.027572118236091465,0.6697534295342287,0.6832368202518693,0.534522079762855,0.5845898897668976,0.5358784064415038,0.5193569600061249,0.2173746037373423,0.16814897219636893,0.31496432884751374,0.3595538406167864,0.5627380622824856,0.5351534915927038,0.02799594873368291,0.02853782629937348,0.03156037831375416,0.028946879662036632,0.0018032065595664144,0.0018257474575350137,1.0213340194935971,1.0295200402425582,0.0459099678970254,0.039923022467641074,0.02617258374029768,0.030421535268733105,0.2221912574278289,-0.015907931317204544,0.1154380317675907,0.09090174584696914,-0.03643670204272023,0.2627005815943759,-0.039563693567653026,0.09090174584696914,0.12828407847887704,0.2293558017287824,0.6423601198025402,-0.10107172321921058,8.22375364330424,4.169340437509071,0.14820594330449133,0.46030695125192916,0.6684324298614994,-0.001553438605570427,0.17660419668557817,0.8249492419199923,0.8519421144662435
cluster_28,0.08233490432224749,6.57953576379152e-06,0.03169432154680959,0.04789581321773745,0.3444669879001957,0.0123900454157135,0.006953664825247624,-0.0005120607778369868,-0.015117138396124333,0.35497377238812955,0.12677886604105232,0.008134244011629847,0.002998325007841731,0.0026222978869999167,0.009450791589558827,0.01412853964301382,0.004957495836124596,0.0024458094769029526,0.0035430507210190694,0.0038198233499768417,-0.00013720674420120385,-0.0001406530956032885,-3.526019562405668e-05,-0.00014065309560330766,-0.0001372067442014923,-0.0001406530956032956,-0.0002458935230007471,-0.0008772049540506122,-0.011498559309077215,-0.011143293564009173,0.0019404748077509898,0.006290829707121336,-0.010576402469595524,-0.009765091007511842,0.053268776497209416,0.05245859894008792,0.05667611647330293,0.05205727236143155,0.008120842695059447,0.009724244054221414,0.36081011238420185,0.22857233489232928,0.11677541056518649,0.012000046394352282,0.5294357374211313,0.5524193051820021,0.24438635929607894,0.056056359473417014,0.49708700233088043,0.4391022238908994,0.8537572785613258,0.9623859133278501,-0.0011003055358688092,-0.005366305540862265,-0.0642272047117878,-0.06780987702875636,-0.00013720674420172974,-0.00014065309560291255,0.0030361002410721582,0.03754487471257401,-0.001700914981781729,-0.006377402581206809,-0.0026113473198662997,-0.0012805028408150885,0.032778674819248885,0.012396624951476953,0.007622183233791884,0.005407151030853607,0.3544682911460545,0.4028761651531542,-0.008675534352830827,0.005407151030853503,0.01236081585623858,0.402364104375315,0.5852750797842012,-0.39000328851273897,9.89666772122247,3.2587229619657956,0.15937842178386588,0.47575765523961655,0.6574322035508187,-0.03371343163635257,0.4205774215007624,0.6131360101355895,0.8407807974741663
cluster_29,0.07224052058520405,0.0001796618244010786,0.06906475434073242,0.24108226965252053,0.1984306446223193,0.03210106048405009,0.010657059657364418,0.02748745205777533,0.20102382425394427,0.003129383460144774,0.12348479011704423,0.02111857898784589,0.9248077252889414,0.9341280133056715,0.8544804787667105,0.8341425861595357,0.9014688057446795,0.92474656713848,0.890434153079145,0.9040528533737096,-0.0007374397405377764,-0.0007380648142818881,-0.0007660151100177182,-0.0007380648142818625,-0.0007374397405377851,-0.0007380648142818826,0.0005057817421051796,0.0015583298222034431,0.17413531832318985,0.1738305672175467,0.10157245958705222,0.07601704868424337,0.17825009989271048,0.180935723458306,0.9111313665023093,0.9265428976398432,0.8169260184820902,0.8441423116404058,0.08303823618285451,0.07771917395688654,0.34763191481806655,0.33909115712228016,0.3080357066340035,0.37390072840581334,0.34544793171173127,0.32936856827958055,0.3509023352829909,0.3394623459718171,0.4329748786806748,0.4854672767672638,0.5926132813128459,0.5804479597549502,0.7950924037451943,0.8166327636639122,0.3612908358540635,0.36574970966590675,-0.0007374397405378335,-0.0007380648142818906,0.9138960114027452,0.9191431092113358,0.09543092638695513,0.10110826862016921,0.8503839941751085,0.8614012816585753,0.442106093922019,0.03228072230845116,0.048606031045621056,0.25424346372617257,0.030796497342320997,0.2443913149513666,0.23916833594562925,0.25424346372617257,0.2649005233656205,0.2718787670091419,0.46322070962046175,-0.00697824362300899,119.71612832229486,4.2158425307433225,0.14701659812117399,0.4555359611069083,0.6667990281000752,0.13315730758342384,0.2947456235356408,0.5720970688809349,0.853130271474046
cluster_30,0.5187366928349294,6.29325946981288e-05,0.4242572437008292,-0.0007004853425254149,0.09965725496839568,-0.0010063341515923634,0.0032470267235711,0.0009569501483643181,0.0022580061772226622,6.9659170223524e-05,-0.04658578354889675,-0.0009531632630280084,-0.0024132079729492113,-0.0027117167226140245,-0.0014225145179671405,-0.0011773462149731575,-0.0017448007710146863,-0.0018176506212754745,-0.0015279911228898515,-0.001110647248064038,1.6454651735041374e-05,1.590693030191019e-05,3.0399974681188954e-05,1.5906930301900297e-05,1.645465173503813e-05,1.590693030190447e-05,4.606149899862422e-05,1.9301390545087823e-05,0.0010108959416671426,0.0009678122085755525,0.00017060785772711769,-0.00035051002180917697,0.0008250730917078829,0.0003563112700585734,-0.0006689296978813638,-0.0007834912355279921,0.0017811484742812367,0.0009990665807713516,0.001309606289860305,0.00169491883255046,0.933196958428516,1.02424334387503,0.844866790251908,1.0340687222892828,0.5113456255322659,0.48108972110924825,0.14133630110555298,0.04495099386918591,0.03281134323183608,-0.040114209240975425,0.18130140359603897,0.075113563793979,0.0035889064388092075,0.004002623089311917,0.00591335111558944,0.007038696266060675,1.6454651735025606e-05,1.5906930301920083e-05,-0.0007877887988904956,-0.0007578105917741367,-0.0027021895686425387,-0.004797954012336348,-0.0008702730324657097,-0.0015135513447300066,0.001557520834386738,-0.0009434015568941296,3.786885336284977e-06,0.00029850876323644416,0.001089541913285942,-0.0005678935777703575,0.006461983049817633,0.00029850876323645403,0.003545535488098305,0.0003890565705939182,0.9960654079440708,0.003156478918192427,4.082188317952917,2.8605973881918674,0.19092866270930597,0.6140712320999003,0.6838065500194409,0.009979166345914715,-0.005101487188189049,0.9951223208422741,0.8092620752113143
cluster_31,0.06140282817507868,0.00025505777458410464,0.11131742202579357,-0.008525393952357964,0.3748209365997964,-0.023850949860070515,0.2578367795331959,0.003020054325518332,0.013247133376881444,0.0008493549680803936,0.21278910440343693,-0.0031623273895494864,0.0004935036565605443,7.670635558829861e-05,0.004259815163299614,0.005042317658051895,0.002764510449996026,0.0004488124887094266,0.005081046219154186,0.004480508500400413,0.00024359912389101382,0.00024294522661476162,0.00023239449728928356,0.00024294522661475327,0.00024359912389102789,0.0002429452266147259,0.00034053813925573914,0.0004039455569425292,0.004453895108822883,0.004390110411812551,0.005424154548661667,0.006737360746365678,0.003460588945188034,0.003011223404943976,0.004309972763920961,0.0038783868588724247,0.0036587864546942374,0.010776732060128271,0.008524831337877124,0.010049616048678066,0.19735322269510885,0.1327210084715036,0.12380641931630676,0.09442959694388253,0.2410917749826899,0.22911526620104544,0.29750643372060526,0.2658426254356177,0.4869218799891844,0.4934870606120197,0.8001072380562424,0.8700812919465906,0.00045854250499853245,0.008945428488144705,0.15877002512739333,0.16246223134981946,0.0002435991238909642,0.00024294522661480597,0.002268830195005573,0.001948199657940994,-0.022920021471127146,-0.025080342316633843,-0.024395315741938147,-0.02662565804769729,0.004721739423211661,-0.02359589208548593,-0.00014227306403129738,-0.01376614387142384,0.004124467068182701,-0.007420981208854979,0.2741039672327009,-0.01376614387142382,0.24407063565530743,-0.004400926883336584,0.7603302912254917,0.24847156254300448,225.34493779156634,3.286344999787253,0.16571097204214033,0.4971024826538315,0.6581855963132903,0.1367806636271894,-0.025459720260901608,0.8886790566337127,0.8344545733864597
cluster_32,0.17155575781796678,0.0001249046173471541,0.37958916651842906,-0.00033029855349288756,0.37276039226243346,-0.0002507662737177125,0.004893830053386195,-0.0008749735790783106,-0.0011363062774528542,4.200850258886499e-05,0.07302472602559275,0.0006015588799228721,-0.0008622710073007563,-0.0012699924723507002,-0.0008331542174034285,-0.0012519636189407325,-0.0006235843319372639,-0.0011672135196877645,-5.813524441992634e-05,-0.001293374461085251,-3.2098294397190026e-05,-3.40162208085762e-05,-3.7755785327111587e-06,-3.401622080857496e-05,-3.2098294397195597e-05,-3.401622080856661e-05,0.00010675268241866284,-5.017914722014489e-05,-0.0003471403242987429,4.110851737704708e-05,-0.00039125873483959175,0.000240435164421828,-0.0003086820318561037,-0.00047555741274029175,-0.0003905707418794722,-0.0005876158663162096,0.0018002995240055935,0.002146571519205036,0.002619678533231446,0.0035974341750708407,0.5876757793498346,0.6140921735618036,0.3508272501099001,0.267221924329049,0.31062855044730037,0.24025255335823906,0.19929262136031525,0.1116859236171994,0.17427345151613927,0.09501499319997063,0.45522457103978964,0.45655362055202586,0.003656250139031442,0.004861632325335905,0.0017548476259909903,0.001110000628406311,-3.209829439718431e-05,-3.401622080853338e-05,-2.931099481089283e-05,-0.0001488828580283263,-0.0004721808173165378,0.000160108783238755,0.0010918257115859137,0.0014125811540754974,-0.001466604830761175,-0.00012586165637040492,-0.00027341469915539957,-0.0007855136707434013,-0.0007080604591422886,-0.00016338543389610724,0.002882550196617269,-0.0007855136707434013,0.004108316383082784,-0.0010383590129744327,0.9969300426306492,0.005146675395139498,8.006447159527356,3.4700711250487792,0.148523807813081,0.4105572570170528,0.6411401988713422,-0.0012776595790151965,0.0030677239660882017,0.9982099356129268,0.8516245676062907
cluster_33,0.24217845164720395,-6.926612766966829e-06,0.16595644792719313,-0.032448822622157286,0.19704045256524655,0.005186440421622305,0.041719922059075286,0.2694989474251589,0.02604650601807806,0.0026280419671260266,0.08811020940873435,-0.005909670212842993,-0.0016604132136967664,-0.0030106273075147807,0.000205653557358755,-0.001089157528986503,-0.0024267997302935794,-0.0018665494671891592,-0.04642735771382271,-0.03850559384784039,0.0005040221890579134,0.0005036295132891918,0.000344536610198759,0.0005036295132892433,0.0005040221890578596,0.0005036295132892392,0.00025366373854377876,-2.65842164926224e-05,-0.0034341341410430034,-0.0027273022137757797,0.010571617114774046,0.010767309479829982,0.006203250605230399,0.008941879378826054,0.012519936608835894,0.017889945600057685,0.014217176507585952,0.01792149494039942,0.9513124060869764,0.9755682393640964,0.6055285173966384,0.5939383436600437,0.48378669315167105,0.4888055577488788,0.5052706712552943,0.49475224085523706,0.20626519867331755,0.15738622616116024,0.257780224766479,0.245997040168039,0.5544374958052117,0.5917321161836356,0.0069070229217660095,0.009129461082628087,0.22990486754939907,0.23160107766451024,0.0005040221890578305,0.0005036295132893111,0.026039689144356882,0.026162869554052504,0.9186348781014468,0.9587500486354308,0.004257626835730656,0.009803795821204914,-0.006402316608498732,0.005179513808855782,0.26358927721231534,0.025323276220136894,0.2721200627795177,-0.029827707266722524,0.33726537549665997,0.02532327622013687,0.06704319827621065,0.2396712401584363,0.6932855615702913,-0.17262804182896602,-62.948300176804075,3.8077418526384497,0.14549844727130185,0.4140136268039099,0.645223424995978,-0.0311032703780677,0.1543113574875953,0.8767919128904722,0.8546469058877557
cluster_34,0.6027931314356471,3.7690682547168036e-05,-0.026381179739300036,0.0001777984152121588,0.266423942293974,-0.0012625877979546992,0.00359437199387435,0.0005485303508595996,-0.0016636094737116933,-0.0001328104531487754,0.15568836633547392,0.00017635597289007701,-0.00038660650811843687,-0.0004016069987187036,0.00011010235689652261,-0.00014391952233701238,-0.00022571538418109918,-8.747705232544911e-05,0.0001689687662875578,0.0015230611417693704,-0.00012143255476330243,-0.00012223213334147047,-0.0001382231554814356,-0.0001222321333414785,-0.00012143255476329872,-0.00012223213334146922,9.777598256092907e-05,0.0002558954066903637,-2.422190826942557e-05,-0.0003201382669085726,0.0003161960167100137,-0.00021864434978042548,0.00020727996437208126,0.000417223461084053,-0.0011241928872888936,-0.0015093155177671057,0.00218135652675497,0.0016455338123598934,-0.0012063275194642365,-0.0017367691785022692,0.8122533556627602,0.8889601848564115,0.774119254521994,0.9485723880867054,1.03543864734626,1.109002358721856,0.2617128684817004,0.06761911501269172,0.9281304073948728,0.991330028042493,0.8956239848928726,0.8957351978270236,0.0020328951750151697,0.0023088081113596635,0.011941743978848476,0.01254694618133425,-0.00012143255476330861,-0.00012223213334147974,-0.0010107171228627139,-0.001046572715431862,-0.000873701756076846,-0.0019088912997530432,0.0011927504345488988,0.001235300791105169,-0.001485811058774703,-0.0012248971154074047,0.0007248863237496445,-0.002749841298632212,0.0004534105802579912,8.267864425055118e-05,0.0024792928716415065,-0.0027498412986321974,0.0008445306956587005,0.0006312089951100928,0.9985242603107606,0.00021332169991577487,2.6176867682849987,2.813598604657587,0.1939984027000877,0.6298896016410718,0.688335530125271,0.007823172834516596,-0.0032302778345949046,0.9954071050000783,0.8061954018765459
cluster_35,0.09018158964322048,0.005679545101722009,0.03672732173035579,-0.11709960845835897,0.005248734963540434,0.1318692393718865,-0.07172514330782044,0.17347016805093413,0.16045657743299685,0.002723193201026166,0.1416897123197768,0.4407786699718218,-0.04972766926582249,-0.05839692391487883,-0.050656795589515705,-0.04771185815516142,-0.06424702379038956,-0.06519510871057403,-0.03199770510087437,-0.04311074960545136,-0.00678629537242163,-0.006865907441168673,-0.006901616313342531,-0.006865907441168879,-0.0067862953724218645,-0.006865907441168802,0.00844531448777229,0.015235260822227625,1.0728296616464104,1.09780991361702,1.0383679152306067,1.0314225079130355,1.030051750967633,1.051822312267307,0.08382988996169041,0.08241971892115672,0.049886137709445576,0.04107052801047359,-0.04318479944312237,-0.017317665891193965,0.21956791350940524,0.21455321133438862,0.17788740195173183,0.05806348175813157,0.29897036825754175,0.34505389567491895,0.4530160597092615,0.5045469585178437,0.5633020936481017,0.6050561655457518,0.4233060311066228,0.425405715820628,-0.028037894283756977,-0.04122088649094653,-0.09303465276818207,-0.11515183749092445,-0.0067862953724216355,-0.006865907441169043,0.08363804934750235,0.08313490630834117,-0.05045143461986747,-0.0392426068341333,-0.006174608950915808,0.00920915243937876,0.043356968967613874,0.1375487844736086,0.6142488380227569,0.7331044867813653,0.18187290635368225,-0.108696870149546,0.262201602183179,0.7331044867813652,0.6613793434609279,0.06477329790138966,0.27384735863141074,0.5966060455494069,615.9450313945099,2.229759455572341,0.20479582088993106,0.6231434943975098,0.6517975089257075,0.7795941165337824,0.021438728551066297,0.19896715491514927,0.7954087702722042
